"Album","Artist","Jacket"
"Die Schönsten Deutschen Weihnachtslieder","Various","https://i.discogs.com/0t1AAFEfB17MBO8s6U6wrjQMgjMsdhajEfWMpF3VTTY/rs:fill/g:sm/q:40/h:300/w:300/czM6Ly9kaXNjb2dz/LWltYWdlcy9SLTQ1/ODYzMDktMTQ4MDYz/NTMyNi04MDQxLmpw/ZWc.jpeg"
"Beggars Banquet","Rolling Stones","https://i.discogs.com/zQ-YpFJb1LBF9ozNgDbPQ_ej3Uu39fR2nkbCsbwNisc/rs:fill/g:sm/q:40/h:300/w:300/czM6Ly9kaXNjb2dz/LWltYWdlcy9SLTY5/NjkxOTUtMTQzMDY1/NzExNi03MTI1Lmpw/ZWc.jpeg"
"The Firebird (Suite, 1919 Version) / Overtures And Polovetsian Dances From Prince Igor","Igor Stravinsky","https://i.discogs.com/OuymmY0JSruzXNcarUkJRaDxJVD9Xi53e43LSUXY_54/rs:fill/g:sm/q:40/h:300/w:300/czM6Ly9kaXNjb2dz/LWltYWdlcy9SLTgz/NTM2NjctMTQ1OTk1/NTE1My01MDE0Lmpw/ZWc.jpeg"
"The Firebird (Suite, 1919 Version) / Overtures And Polovetsian Dances From Prince Igor","Alexander Borodin","https://i.discogs.com/OuymmY0JSruzXNcarUkJRaDxJVD9Xi53e43LSUXY_54/rs:fill/g:sm/q:40/h:300/w:300/czM6Ly9kaXNjb2dz/LWltYWdlcy9SLTgz/NTM2NjctMTQ1OTk1/NTE1My01MDE0Lmpw/ZWc.jpeg"
"The Firebird (Suite, 1919 Version) / Overtures And Polovetsian Dances From Prince Igor","Robert Shaw","https://i.discogs.com/OuymmY0JSruzXNcarUkJRaDxJVD9Xi53e43LSUXY_54/rs:fill/g:sm/q:40/h:300/w:300/czM6Ly9kaXNjb2dz/LWltYWdlcy9SLTgz/NTM2NjctMTQ1OTk1/NTE1My01MDE0Lmpw/ZWc.jpeg"
"The Firebird (Suite, 1919 Version) / Overtures And Polovetsian Dances From Prince Igor","Atlanta Symphony Orchestra","https://i.discogs.com/OuymmY0JSruzXNcarUkJRaDxJVD9Xi53e43LSUXY_54/rs:fill/g:sm/q:40/h:300/w:300/czM6Ly9kaXNjb2dz/LWltYWdlcy9SLTgz/NTM2NjctMTQ1OTk1/NTE1My01MDE0Lmpw/ZWc.jpeg"
"The Firebird (Suite, 1919 Version) / Overtures And Polovetsian Dances From Prince Igor","Chorus","https://i.discogs.com/OuymmY0JSruzXNcarUkJRaDxJVD9Xi53e43LSUXY_54/rs:fill/g:sm/q:40/h:300/w:300/czM6Ly9kaXNjb2dz/LWltYWdlcy9SLTgz/NTM2NjctMTQ1OTk1/NTE1My01MDE0Lmpw/ZWc.jpeg"
"Swingin' My Way Through College","Maynard Ferguson And His Orchestra","https://i.discogs.com/smyBhc70p7012A46IGz_fUQWu2JxH_sSXHIGPYVMmJY/rs:fill/g:sm/q:40/h:300/w:300/czM6Ly9kaXNjb2dz/LWltYWdlcy9SLTMz/NDU4ODUtMTMyNjc1/NzcyMi5qcGVn.jpeg"
"At Last / Perfidia","Glenn Miller And His Orchestra","https://i.discogs.com/8KZGIUGcZhcZuwJRx7T6e24S9vOG0NTXSIKM8E6ztFU/rs:fill/g:sm/q:40/h:300/w:300/czM6Ly9kaXNjb2dz/LWltYWdlcy9SLTEx/OTA5NjEwLTE1MjQ2/MTcyMTUtNzcyMi5q/cGVn.jpeg"
"Glenn Miller And His Orchestra Volume One","Glenn Miller And His Orchestra","https://i.discogs.com/f-sJh3ZsCLXomeLOp5Nob29e9_8SRP-hV03pJviSaYI/rs:fill/g:sm/q:40/h:300/w:300/czM6Ly9kaXNjb2dz/LWltYWdlcy9SLTE3/OTcxOTQtMTMzOTMy/MzQzMC01NDMwLmpw/ZWc.jpeg"
"Glenn Miller Concert (Volume I)","Glenn Miller And His Orchestra","https://i.discogs.com/IiwaGXNQbGaOMTJM1dS7_w7OYp4r3SD6sCPgAhV8pn8/rs:fill/g:sm/q:40/h:300/w:300/czM6Ly9kaXNjb2dz/LWltYWdlcy9SLTEz/MDUwMDEzLTE1NjA3/NjYzNzYtNjEzOC5q/cGVn.jpeg"
"Peter And The Wolf / Young Person's Guide To The Orchestra","David Bowie","https://i.discogs.com/3nhxhH2NXDePkhZFKyyY1Ezmqxvhqk95fKtEhbliIBw/rs:fill/g:sm/q:40/h:300/w:300/czM6Ly9kaXNjb2dz/LWltYWdlcy9SLTEw/NDYzMTAtMTM2MDY5/MjU3MC0yNDE1Lmpw/ZWc.jpeg"
"Peter And The Wolf / Young Person's Guide To The Orchestra","Prokofiev","https://i.discogs.com/3nhxhH2NXDePkhZFKyyY1Ezmqxvhqk95fKtEhbliIBw/rs:fill/g:sm/q:40/h:300/w:300/czM6Ly9kaXNjb2dz/LWltYWdlcy9SLTEw/NDYzMTAtMTM2MDY5/MjU3MC0yNDE1Lmpw/ZWc.jpeg"
"Peter And The Wolf / Young Person's Guide To The Orchestra","Eugene Ormandy","https://i.discogs.com/3nhxhH2NXDePkhZFKyyY1Ezmqxvhqk95fKtEhbliIBw/rs:fill/g:sm/q:40/h:300/w:300/czM6Ly9kaXNjb2dz/LWltYWdlcy9SLTEw/NDYzMTAtMTM2MDY5/MjU3MC0yNDE1Lmpw/ZWc.jpeg"
"Peter And The Wolf / Young Person's Guide To The Orchestra","The Philadelphia Orchestra","https://i.discogs.com/3nhxhH2NXDePkhZFKyyY1Ezmqxvhqk95fKtEhbliIBw/rs:fill/g:sm/q:40/h:300/w:300/czM6Ly9kaXNjb2dz/LWltYWdlcy9SLTEw/NDYzMTAtMTM2MDY5/MjU3MC0yNDE1Lmpw/ZWc.jpeg"
"Peter And The Wolf / Young Person's Guide To The Orchestra","Britten","https://i.discogs.com/3nhxhH2NXDePkhZFKyyY1Ezmqxvhqk95fKtEhbliIBw/rs:fill/g:sm/q:40/h:300/w:300/czM6Ly9kaXNjb2dz/LWltYWdlcy9SLTEw/NDYzMTAtMTM2MDY5/MjU3MC0yNDE1Lmpw/ZWc.jpeg"
"Waltzes","Rubinstein","https://i.discogs.com/DqRwRyp0Yh9IQ1b9b2f4MGJCY5UQnAX7AfXkHyZF-NA/rs:fill/g:sm/q:40/h:300/w:300/czM6Ly9kaXNjb2dz/LWltYWdlcy9SLTI4/MjM3NzMtMTMwMjY2/NDI2Mi5qcGVn.jpeg"
"Waltzes","Chopin","https://i.discogs.com/DqRwRyp0Yh9IQ1b9b2f4MGJCY5UQnAX7AfXkHyZF-NA/rs:fill/g:sm/q:40/h:300/w:300/czM6Ly9kaXNjb2dz/LWltYWdlcy9SLTI4/MjM3NzMtMTMwMjY2/NDI2Mi5qcGVn.jpeg"
"Goodbye Yellow Brick Road","Elton John","https://i.discogs.com/dasg4J4U-RI26jZZkb88oNkzn5NzqRyCIrCWgV9uie0/rs:fill/g:sm/q:40/h:300/w:300/czM6Ly9kaXNjb2dz/LWltYWdlcy9SLTEz/NzIzMjI1LTE1NTk3/NjY2NDktNTI3Ni5q/cGVn.jpeg"
"Don't Ask My Neighbors","Raul de Souza","https://i.discogs.com/QFTdztYmw1_5cCfTjT5grcwhQO_q5AoTGDi-sBjreYw/rs:fill/g:sm/q:40/h:300/w:300/czM6Ly9kaXNjb2dz/LWltYWdlcy9SLTE2/OTY3NzEtMTQ3NjM3/Mjk1NS02MzI5Lmpw/ZWc.jpeg"
"All Star Sextet","Charlie Parker","https://i.discogs.com/H-bPY8KQfUagd8Yfjehy_v08RmIAiSvVCFxQzS012DQ/rs:fill/g:sm/q:40/h:300/w:300/czM6Ly9kaXNjb2dz/LWltYWdlcy9SLTEz/MTk2MTcyLTE1NTUz/NDMyMDYtOTg0OC5q/cGVn.jpeg"
"Glorious Results Of A Misspent Youth","Joan Jett And The Blackhearts","https://i.discogs.com/yo5KQe2_kxaHE8nwS2JOYr_zY0LeTYHirBslO7Ai25Q/rs:fill/g:sm/q:40/h:300/w:300/czM6Ly9kaXNjb2dz/LWltYWdlcy9SLTcz/OTgyNTItMTQ0MDYz/NjU2Ni0xODM4Lmpw/ZWc.jpeg"
"A Man, A Moon And A Maid / Cuban Yodelin' Man","Enric Madriguera And His Orchestra","https://i.discogs.com/uqnrTQwYdRJL-4SQ6gLCGVqDXtWCnRSojXLyarYrJIQ/rs:fill/g:sm/q:40/h:300/w:300/czM6Ly9kaXNjb2dz/LWltYWdlcy9SLTQy/MTE0MjAtMTM1ODY3/MjE5NS00NTI0Lmpw/ZWc.jpeg"
"Remain In Light","Talking Heads","https://i.discogs.com/rIfJToXKaTKrDlsFpDBF5IbYDhXE9Y61sDWY4UQHGV4/rs:fill/g:sm/q:40/h:300/w:300/czM6Ly9kaXNjb2dz/LWltYWdlcy9SLTEx/NjQ5MS0xNTQxOTQ1/NDcyLTQ3OTUuanBl/Zw.jpeg"
"Baltimore","Nina Simone","https://i.discogs.com/uWairYW4X-Zpj38cbZ17L_1PZhzJTVIEci26TqvXIro/rs:fill/g:sm/q:40/h:300/w:300/czM6Ly9kaXNjb2dz/LWltYWdlcy9SLTg1/OTAzMjgtMTQ2NDY0/MTc4MC00NTM5Lmpw/ZWc.jpeg"
"Whitney Houston","Whitney Houston","https://i.discogs.com/aYAo48xEBSgi7kKlocxQtQp8JJ59561_1UTMj1SeX3w/rs:fill/g:sm/q:40/h:300/w:300/czM6Ly9kaXNjb2dz/LWltYWdlcy9SLTY5/ODEyNzEtMTUxMzU2/OTQ5My01NjYxLmpw/ZWc.jpeg"
"The World Is A Ghetto","War","https://i.discogs.com/Osfxl8O2hjtziRjkXGt-4kV6ipPs4yfNUA6RcGTtwIU/rs:fill/g:sm/q:40/h:300/w:300/czM6Ly9kaXNjb2dz/LWltYWdlcy9SLTQy/ODA2Mi0xNTM2NjA5/ODk3LTc0MjUuanBl/Zw.jpeg"
"Easy Rider (Songs As Performed In The Motion Picture)","Various","https://i.discogs.com/sPITZbv1gVo8aoDJgN5os25QMo2SRONWsrYOr8vjXKk/rs:fill/g:sm/q:40/h:300/w:300/czM6Ly9kaXNjb2dz/LWltYWdlcy9SLTM5/Mjc0Ni0xNDMzNzYw/Mzg4LTYwODAuanBl/Zw.jpeg"
"Wanted For: The Big Break - La Gran Fuga","Willie Colon","https://i.discogs.com/4VhvTf-kOW0KGyrXRopxUmzfE8DVEExTRcNWiyfPaD0/rs:fill/g:sm/q:40/h:300/w:300/czM6Ly9kaXNjb2dz/LWltYWdlcy9SLTEy/NTY3MzM3LTE1Mzc3/NDYwMjUtNjg5My5q/cGVn.jpeg"
"The Hustler","Willie Colón","https://i.discogs.com/V5bapX8WITHk23vnKJz0lejgVprGclNVXXFE64j8vSk/rs:fill/g:sm/q:40/h:300/w:300/czM6Ly9kaXNjb2dz/LWltYWdlcy9SLTE0/NDA1ODU3LTE1NzM4/NzA4MTYtNzY0Ny5q/cGVn.jpeg"
"The Persuasive Trombone Of Urbie Green Volume 2","Urbie Green And His Orchestra","https://i.discogs.com/cxFXvjGxVfJt5nKWDD8xkpOPPEmddq7gIhdI-rMsIWU/rs:fill/g:sm/q:40/h:300/w:300/czM6Ly9kaXNjb2dz/LWltYWdlcy9SLTI5/NDkzNTQtMTYyOTY1/MzAzNC0zNzU2Lmpw/ZWc.jpeg"
"The Persuasive Trombone Of Urbie Green","Urbie Green And His Orchestra","https://i.discogs.com/O8DCGy1D1EKUklU42AMGtTPhzF5uGQWRPn-KWti3UuU/rs:fill/g:sm/q:40/h:300/w:300/czM6Ly9kaXNjb2dz/LWltYWdlcy9SLTQ5/NTI4NzAtMTM4MDQy/MzQwNC01NjIxLmpw/ZWc.jpeg"
"Tyree Glenn At The Roundtable","Tyree Glenn","https://i.discogs.com/9y7kwoOvqwYzdK7ROnhHJHkHzDE8fnTThfaZwMC0nFo/rs:fill/g:sm/q:40/h:300/w:300/czM6Ly9kaXNjb2dz/LWltYWdlcy9SLTEw/MTA4MDE5LTE2MTg1/MTIyNjItNjk1NS5q/cGVn.jpeg"
"Tipica '73","Tipica 73","https://i.discogs.com/5DOS7sITtilNCH2-1ALYSUqmxwuhQcAweee85WLyLng/rs:fill/g:sm/q:40/h:300/w:300/czM6Ly9kaXNjb2dz/LWltYWdlcy9SLTEy/NzM3ODQ5LTE1NDEw/MDY1NzItODg0Ni5q/cGVn.jpeg"
"Concerto No. 2 • Concerto No. 1","Rachmaninoff","https://i.discogs.com/goiqfIbPIBgtmg4J94MdtJPpE4UjNjiKMUK-g1WEjUA/rs:fill/g:sm/q:40/h:300/w:300/czM6Ly9kaXNjb2dz/LWltYWdlcy9SLTI5/NzkxNDEtMTM4ODIy/Njc1Ny0xMTEwLmpw/ZWc.jpeg"
"Concerto No. 2 • Concerto No. 1","Liszt","https://i.discogs.com/goiqfIbPIBgtmg4J94MdtJPpE4UjNjiKMUK-g1WEjUA/rs:fill/g:sm/q:40/h:300/w:300/czM6Ly9kaXNjb2dz/LWltYWdlcy9SLTI5/NzkxNDEtMTM4ODIy/Njc1Ny0xMTEwLmpw/ZWc.jpeg"
"Concerto No. 2 • Concerto No. 1","Rubinstein","https://i.discogs.com/goiqfIbPIBgtmg4J94MdtJPpE4UjNjiKMUK-g1WEjUA/rs:fill/g:sm/q:40/h:300/w:300/czM6Ly9kaXNjb2dz/LWltYWdlcy9SLTI5/NzkxNDEtMTM4ODIy/Njc1Ny0xMTEwLmpw/ZWc.jpeg"
"Concerto No. 2 • Concerto No. 1","Reiner","https://i.discogs.com/goiqfIbPIBgtmg4J94MdtJPpE4UjNjiKMUK-g1WEjUA/rs:fill/g:sm/q:40/h:300/w:300/czM6Ly9kaXNjb2dz/LWltYWdlcy9SLTI5/NzkxNDEtMTM4ODIy/Njc1Ny0xMTEwLmpw/ZWc.jpeg"
"Concerto No. 2 • Concerto No. 1","Chicago Symphony","https://i.discogs.com/goiqfIbPIBgtmg4J94MdtJPpE4UjNjiKMUK-g1WEjUA/rs:fill/g:sm/q:40/h:300/w:300/czM6Ly9kaXNjb2dz/LWltYWdlcy9SLTI5/NzkxNDEtMTM4ODIy/Njc1Ny0xMTEwLmpw/ZWc.jpeg"
"Concerto No. 2 • Concerto No. 1","Wallenstein","https://i.discogs.com/goiqfIbPIBgtmg4J94MdtJPpE4UjNjiKMUK-g1WEjUA/rs:fill/g:sm/q:40/h:300/w:300/czM6Ly9kaXNjb2dz/LWltYWdlcy9SLTI5/NzkxNDEtMTM4ODIy/Njc1Ny0xMTEwLmpw/ZWc.jpeg"
"Concerto No. 2 • Concerto No. 1","RCA Victor Symphony","https://i.discogs.com/goiqfIbPIBgtmg4J94MdtJPpE4UjNjiKMUK-g1WEjUA/rs:fill/g:sm/q:40/h:300/w:300/czM6Ly9kaXNjb2dz/LWltYWdlcy9SLTI5/NzkxNDEtMTM4ODIy/Njc1Ny0xMTEwLmpw/ZWc.jpeg"
"Die Walküre","Richard Wagner","https://i.discogs.com/vHfBGF7hEJUG7itJui2Ze4bDkt631tl6mXaqmg8Ke6k/rs:fill/g:sm/q:40/h:300/w:300/czM6Ly9kaXNjb2dz/LWltYWdlcy9SLTQ5/ODI3NDItMTU2MDY4/Mzc1Mi0xMDk1Lmpw/ZWc.jpeg"
"Die Walküre","Berliner Philharmoniker","https://i.discogs.com/vHfBGF7hEJUG7itJui2Ze4bDkt631tl6mXaqmg8Ke6k/rs:fill/g:sm/q:40/h:300/w:300/czM6Ly9kaXNjb2dz/LWltYWdlcy9SLTQ5/ODI3NDItMTU2MDY4/Mzc1Mi0xMDk1Lmpw/ZWc.jpeg"
"Die Walküre","Herbert Von Karajan","https://i.discogs.com/vHfBGF7hEJUG7itJui2Ze4bDkt631tl6mXaqmg8Ke6k/rs:fill/g:sm/q:40/h:300/w:300/czM6Ly9kaXNjb2dz/LWltYWdlcy9SLTQ5/ODI3NDItMTU2MDY4/Mzc1Mi0xMDk1Lmpw/ZWc.jpeg"
"Don Quixote","Strauss","https://i.discogs.com/f15xJnFmjPVKma3N-uMfzEbgOCTE0Tt770h5cl8yO0k/rs:fill/g:sm/q:40/h:300/w:300/czM6Ly9kaXNjb2dz/LWltYWdlcy9SLTEw/NjU5OTU5LTE1MjYw/MzMwNTMtODMxMS5q/cGVn.jpeg"
"Don Quixote","Fritz Reiner","https://i.discogs.com/f15xJnFmjPVKma3N-uMfzEbgOCTE0Tt770h5cl8yO0k/rs:fill/g:sm/q:40/h:300/w:300/czM6Ly9kaXNjb2dz/LWltYWdlcy9SLTEw/NjU5OTU5LTE1MjYw/MzMwNTMtODMxMS5q/cGVn.jpeg"
"Don Quixote","Chicago Symphony","https://i.discogs.com/f15xJnFmjPVKma3N-uMfzEbgOCTE0Tt770h5cl8yO0k/rs:fill/g:sm/q:40/h:300/w:300/czM6Ly9kaXNjb2dz/LWltYWdlcy9SLTEw/NjU5OTU5LTE1MjYw/MzMwNTMtODMxMS5q/cGVn.jpeg"
"Don Quixote","Antonio Janigro","https://i.discogs.com/f15xJnFmjPVKma3N-uMfzEbgOCTE0Tt770h5cl8yO0k/rs:fill/g:sm/q:40/h:300/w:300/czM6Ly9kaXNjb2dz/LWltYWdlcy9SLTEw/NjU5OTU5LTE1MjYw/MzMwNTMtODMxMS5q/cGVn.jpeg"
"Don Quixote","Milton Preves","https://i.discogs.com/f15xJnFmjPVKma3N-uMfzEbgOCTE0Tt770h5cl8yO0k/rs:fill/g:sm/q:40/h:300/w:300/czM6Ly9kaXNjb2dz/LWltYWdlcy9SLTEw/NjU5OTU5LTE1MjYw/MzMwNTMtODMxMS5q/cGVn.jpeg"
"Cello Concerto / Cello Concerto No.1","Rostropovitch","https://i.discogs.com/ocz7iO06t0rJK0wELhZ5l8BBfj1u4uM9_yagvzStlWE/rs:fill/g:sm/q:40/h:300/w:300/czM6Ly9kaXNjb2dz/LWltYWdlcy9SLTQ5/NjI4MjMtMTUyMTEy/MzQxNy05MjI2Lmpw/ZWc.jpeg"
"Cello Concerto / Cello Concerto No.1","Giulini","https://i.discogs.com/ocz7iO06t0rJK0wELhZ5l8BBfj1u4uM9_yagvzStlWE/rs:fill/g:sm/q:40/h:300/w:300/czM6Ly9kaXNjb2dz/LWltYWdlcy9SLTQ5/NjI4MjMtMTUyMTEy/MzQxNy05MjI2Lmpw/ZWc.jpeg"
"Cello Concerto / Cello Concerto No.1","Dvořák","https://i.discogs.com/ocz7iO06t0rJK0wELhZ5l8BBfj1u4uM9_yagvzStlWE/rs:fill/g:sm/q:40/h:300/w:300/czM6Ly9kaXNjb2dz/LWltYWdlcy9SLTQ5/NjI4MjMtMTUyMTEy/MzQxNy05MjI2Lmpw/ZWc.jpeg"
"Cello Concerto / Cello Concerto No.1","Saint-Saëns","https://i.discogs.com/ocz7iO06t0rJK0wELhZ5l8BBfj1u4uM9_yagvzStlWE/rs:fill/g:sm/q:40/h:300/w:300/czM6Ly9kaXNjb2dz/LWltYWdlcy9SLTQ5/NjI4MjMtMTUyMTEy/MzQxNy05MjI2Lmpw/ZWc.jpeg"
"En Karakatis-Ki","Mon Rivera Y Su Orquesta","https://i.discogs.com/4CURu9eABgJCQ3OBnXmsz-pchGpJDNKAmptZZKWKNHE/rs:fill/g:sm/q:40/h:300/w:300/czM6Ly9kaXNjb2dz/LWltYWdlcy9SLTgz/MDcwNzQtMTUxMjQz/NDEyOS0xMTA5Lmpw/ZWc.jpeg"
"Mon Y Sus Trombones","Mon Rivera","https://i.discogs.com/oA9lUNBsWFaroZSv_6RyvQNpjuh6T_dtN3g4Sd-ngSI/rs:fill/g:sm/q:40/h:300/w:300/czM6Ly9kaXNjb2dz/LWltYWdlcy9SLTQ2/MTk1MjktMTUzODI0/NTcwOC05NDE3Lmpw/ZWc.jpeg"
"Concerto No. 5 (Emperor)","Beethoven","https://i.discogs.com/epG9iV22uoVrnyVzbPRY3Zj_ky4KXO_69ciNg59aPRs/rs:fill/g:sm/q:40/h:300/w:300/czM6Ly9kaXNjb2dz/LWltYWdlcy9SLTUy/ODc1OTktMTQwNDIy/NjE0Ni01MDkyLmpw/ZWc.jpeg"
"Concerto No. 5 (Emperor)","Rubinstein","https://i.discogs.com/epG9iV22uoVrnyVzbPRY3Zj_ky4KXO_69ciNg59aPRs/rs:fill/g:sm/q:40/h:300/w:300/czM6Ly9kaXNjb2dz/LWltYWdlcy9SLTUy/ODc1OTktMTQwNDIy/NjE0Ni01MDkyLmpw/ZWc.jpeg"
"Concerto No. 5 (Emperor)","Symphony Of The Air","https://i.discogs.com/epG9iV22uoVrnyVzbPRY3Zj_ky4KXO_69ciNg59aPRs/rs:fill/g:sm/q:40/h:300/w:300/czM6Ly9kaXNjb2dz/LWltYWdlcy9SLTUy/ODc1OTktMTQwNDIy/NjE0Ni01MDkyLmpw/ZWc.jpeg"
"Concerto No. 5 (Emperor)","Krips","https://i.discogs.com/epG9iV22uoVrnyVzbPRY3Zj_ky4KXO_69ciNg59aPRs/rs:fill/g:sm/q:40/h:300/w:300/czM6Ly9kaXNjb2dz/LWltYWdlcy9SLTUy/ODc1OTktMTQwNDIy/NjE0Ni01MDkyLmpw/ZWc.jpeg"
"More Brass","Kai Winding","https://i.discogs.com/301y-QnYLZ8DDwEfUOULPsSp1I2RCBoKzKP3gRgR3CU/rs:fill/g:sm/q:40/h:300/w:300/czM6Ly9kaXNjb2dz/LWltYWdlcy9SLTc4/MTUwMzMtMTQ0OTM0/ODg5My03MDY5Lmpw/ZWc.jpeg"
"Adventures In A Perambulator / Selections From McGuffey's Readers","John Alden Carpenter","https://i.discogs.com/WU1V40ERuABiwcRKp01Dq-nZ6Ff1wsayObJ9jfwQa14/rs:fill/g:sm/q:40/h:300/w:300/czM6Ly9kaXNjb2dz/LWltYWdlcy9SLTcx/OTE2MDEtMTQzNTc4/NDIzNS00NjQ3Lmpw/ZWc.jpeg"
"Adventures In A Perambulator / Selections From McGuffey's Readers","Burrill Phillips","https://i.discogs.com/WU1V40ERuABiwcRKp01Dq-nZ6Ff1wsayObJ9jfwQa14/rs:fill/g:sm/q:40/h:300/w:300/czM6Ly9kaXNjb2dz/LWltYWdlcy9SLTcx/OTE2MDEtMTQzNTc4/NDIzNS00NjQ3Lmpw/ZWc.jpeg"
"Adventures In A Perambulator / Selections From McGuffey's Readers","Eastman-Rochester Orchestra","https://i.discogs.com/WU1V40ERuABiwcRKp01Dq-nZ6Ff1wsayObJ9jfwQa14/rs:fill/g:sm/q:40/h:300/w:300/czM6Ly9kaXNjb2dz/LWltYWdlcy9SLTcx/OTE2MDEtMTQzNTc4/NDIzNS00NjQ3Lmpw/ZWc.jpeg"
"Adventures In A Perambulator / Selections From McGuffey's Readers","Howard Hanson","https://i.discogs.com/WU1V40ERuABiwcRKp01Dq-nZ6Ff1wsayObJ9jfwQa14/rs:fill/g:sm/q:40/h:300/w:300/czM6Ly9kaXNjb2dz/LWltYWdlcy9SLTcx/OTE2MDEtMTQzNTc4/NDIzNS00NjQ3Lmpw/ZWc.jpeg"
"Jackie Davis Meets The Trombones","Jackie Davis","https://i.discogs.com/tRmvOpsZhoOErvKUhtZ3HKDKwvrrmqH_vET-ijtSJaM/rs:fill/g:sm/q:40/h:300/w:300/czM6Ly9kaXNjb2dz/LWltYWdlcy9SLTc5/NDQ1NjMtMTYyNzg1/NTc0MS0zNTUxLmpw/ZWc.jpeg"
"Swing Low, Sweet Spiritual","Jack Teagarden","https://i.discogs.com/9YHGSYQ0IgQdmxwzc1iFAcOW2VB-IxYR9GVPBiM77mQ/rs:fill/g:sm/q:40/h:300/w:300/czM6Ly9kaXNjb2dz/LWltYWdlcy9SLTM2/MTU2MzktMTMzNzQ3/NzcyMy0xMDg4Lmpw/ZWc.jpeg"
"Trombone For Two","J.J. Johnson","https://i.discogs.com/rR-_3GA9oWVQLmM6BrO54lOlFMR8JKPespFtVdhrT9Q/rs:fill/g:sm/q:40/h:300/w:300/czM6Ly9kaXNjb2dz/LWltYWdlcy9SLTI1/NzY0NDItMTI5NDAw/ODIzNS5qcGVn.jpeg"
"Trombone For Two","Kai Winding","https://i.discogs.com/rR-_3GA9oWVQLmM6BrO54lOlFMR8JKPespFtVdhrT9Q/rs:fill/g:sm/q:40/h:300/w:300/czM6Ly9kaXNjb2dz/LWltYWdlcy9SLTI1/NzY0NDItMTI5NDAw/ODIzNS5qcGVn.jpeg"
"J.J.!","J. J. Johnson","https://i.discogs.com/_BiTpXbeua99ktLN7eaoue66clm_zFZjWYEsGqA67g4/rs:fill/g:sm/q:40/h:300/w:300/czM6Ly9kaXNjb2dz/LWltYWdlcy9SLTcw/OTY5MjYtMTU1OTM1/NDkxNy03MDU4Lmpw/ZWc.jpeg"
"The Rite Of Spring","Stravinsky","https://i.discogs.com/AD-WYmr_xzhySJHR7EeHC54zV6unRGknmU9kwd9isr8/rs:fill/g:sm/q:40/h:300/w:300/czM6Ly9kaXNjb2dz/LWltYWdlcy9SLTEy/MzMyNzItMTMyMTg0/MDk0Mi5qcGVn.jpeg"
"The Rite Of Spring","Lorin Maazel","https://i.discogs.com/AD-WYmr_xzhySJHR7EeHC54zV6unRGknmU9kwd9isr8/rs:fill/g:sm/q:40/h:300/w:300/czM6Ly9kaXNjb2dz/LWltYWdlcy9SLTEy/MzMyNzItMTMyMTg0/MDk0Mi5qcGVn.jpeg"
"The Rite Of Spring","The Cleveland Orchestra","https://i.discogs.com/AD-WYmr_xzhySJHR7EeHC54zV6unRGknmU9kwd9isr8/rs:fill/g:sm/q:40/h:300/w:300/czM6Ly9kaXNjb2dz/LWltYWdlcy9SLTEy/MzMyNzItMTMyMTg0/MDk0Mi5qcGVn.jpeg"
"Tosca","Giacomo Puccini","https://i.discogs.com/s08-40DXU2brRh1vVzu6sWkGtnAhAbqUXaBDIiGr8vI/rs:fill/g:sm/q:40/h:300/w:300/czM6Ly9kaXNjb2dz/LWltYWdlcy9SLTUw/NTQzMzUtMTU2NjUx/MTU3My00Nzc0Lmpw/ZWc.jpeg"
"Tosca","Dorothy Kirsten","https://i.discogs.com/s08-40DXU2brRh1vVzu6sWkGtnAhAbqUXaBDIiGr8vI/rs:fill/g:sm/q:40/h:300/w:300/czM6Ly9kaXNjb2dz/LWltYWdlcy9SLTUw/NTQzMzUtMTU2NjUx/MTU3My00Nzc0Lmpw/ZWc.jpeg"
"Tosca","Daniele Barioni","https://i.discogs.com/s08-40DXU2brRh1vVzu6sWkGtnAhAbqUXaBDIiGr8vI/rs:fill/g:sm/q:40/h:300/w:300/czM6Ly9kaXNjb2dz/LWltYWdlcy9SLTUw/NTQzMzUtMTU2NjUx/MTU3My00Nzc0Lmpw/ZWc.jpeg"
"Tosca","Frank Guarrera","https://i.discogs.com/s08-40DXU2brRh1vVzu6sWkGtnAhAbqUXaBDIiGr8vI/rs:fill/g:sm/q:40/h:300/w:300/czM6Ly9kaXNjb2dz/LWltYWdlcy9SLTUw/NTQzMzUtMTU2NjUx/MTU3My00Nzc0Lmpw/ZWc.jpeg"
"Tosca","Dimitri Mitropoulos","https://i.discogs.com/s08-40DXU2brRh1vVzu6sWkGtnAhAbqUXaBDIiGr8vI/rs:fill/g:sm/q:40/h:300/w:300/czM6Ly9kaXNjb2dz/LWltYWdlcy9SLTUw/NTQzMzUtMTU2NjUx/MTU3My00Nzc0Lmpw/ZWc.jpeg"
"Tosca","The Metropolitan Opera Orchestra","https://i.discogs.com/s08-40DXU2brRh1vVzu6sWkGtnAhAbqUXaBDIiGr8vI/rs:fill/g:sm/q:40/h:300/w:300/czM6Ly9kaXNjb2dz/LWltYWdlcy9SLTUw/NTQzMzUtMTU2NjUx/MTU3My00Nzc0Lmpw/ZWc.jpeg"
"Tosca","Chorus","https://i.discogs.com/s08-40DXU2brRh1vVzu6sWkGtnAhAbqUXaBDIiGr8vI/rs:fill/g:sm/q:40/h:300/w:300/czM6Ly9kaXNjb2dz/LWltYWdlcy9SLTUw/NTQzMzUtMTU2NjUx/MTU3My00Nzc0Lmpw/ZWc.jpeg"
"Messiah","George Frideric Handel","https://i.discogs.com/c8tqOU1RIsH9uh7KTu9eBNyY6ZMrdgFdScyvJX5duAc/rs:fill/g:sm/q:40/h:300/w:300/czM6Ly9kaXNjb2dz/LWltYWdlcy9SLTkx/Nzg1MzEtMTQ3NjE0/NzcwMy0xODM2Lmpw/ZWc.jpeg"
"Messiah","Helen Donath","https://i.discogs.com/c8tqOU1RIsH9uh7KTu9eBNyY6ZMrdgFdScyvJX5duAc/rs:fill/g:sm/q:40/h:300/w:300/czM6Ly9kaXNjb2dz/LWltYWdlcy9SLTkx/Nzg1MzEtMTQ3NjE0/NzcwMy0xODM2Lmpw/ZWc.jpeg"
"Messiah","Anna Reynolds","https://i.discogs.com/c8tqOU1RIsH9uh7KTu9eBNyY6ZMrdgFdScyvJX5duAc/rs:fill/g:sm/q:40/h:300/w:300/czM6Ly9kaXNjb2dz/LWltYWdlcy9SLTkx/Nzg1MzEtMTQ3NjE0/NzcwMy0xODM2Lmpw/ZWc.jpeg"
"Messiah","Stuart Burrows","https://i.discogs.com/c8tqOU1RIsH9uh7KTu9eBNyY6ZMrdgFdScyvJX5duAc/rs:fill/g:sm/q:40/h:300/w:300/czM6Ly9kaXNjb2dz/LWltYWdlcy9SLTkx/Nzg1MzEtMTQ3NjE0/NzcwMy0xODM2Lmpw/ZWc.jpeg"
"Messiah","Donald McIntyre","https://i.discogs.com/c8tqOU1RIsH9uh7KTu9eBNyY6ZMrdgFdScyvJX5duAc/rs:fill/g:sm/q:40/h:300/w:300/czM6Ly9kaXNjb2dz/LWltYWdlcy9SLTkx/Nzg1MzEtMTQ3NjE0/NzcwMy0xODM2Lmpw/ZWc.jpeg"
"Messiah","John Alldis Choir","https://i.discogs.com/c8tqOU1RIsH9uh7KTu9eBNyY6ZMrdgFdScyvJX5duAc/rs:fill/g:sm/q:40/h:300/w:300/czM6Ly9kaXNjb2dz/LWltYWdlcy9SLTkx/Nzg1MzEtMTQ3NjE0/NzcwMy0xODM2Lmpw/ZWc.jpeg"
"Messiah","The London Philharmonic Orchestra","https://i.discogs.com/c8tqOU1RIsH9uh7KTu9eBNyY6ZMrdgFdScyvJX5duAc/rs:fill/g:sm/q:40/h:300/w:300/czM6Ly9kaXNjb2dz/LWltYWdlcy9SLTkx/Nzg1MzEtMTQ3NjE0/NzcwMy0xODM2Lmpw/ZWc.jpeg"
"Messiah","Karl Richter","https://i.discogs.com/c8tqOU1RIsH9uh7KTu9eBNyY6ZMrdgFdScyvJX5duAc/rs:fill/g:sm/q:40/h:300/w:300/czM6Ly9kaXNjb2dz/LWltYWdlcy9SLTkx/Nzg1MzEtMTQ3NjE0/NzcwMy0xODM2Lmpw/ZWc.jpeg"
"Carols For Brass","The Galliard Brass Ensemble","https://i.discogs.com/m6cRZCGKPrajz674kgBwGB7IzIo0ULIyO6f5dM_V0PU/rs:fill/g:sm/q:40/h:300/w:300/czM6Ly9kaXNjb2dz/LWltYWdlcy9SLTM5/ODEzMTYtMTM5MTk4/NTY4MC04MjkyLmpw/ZWc.jpeg"
"The Chopin Ballades","Chopin","https://i.discogs.com/M2HNAczgmGFVIXBviIt322N_K9AdAWJ9TEHK_kOPnc4/rs:fill/g:sm/q:40/h:300/w:300/czM6Ly9kaXNjb2dz/LWltYWdlcy9SLTUw/MjM5MzAtMTM4MjQy/NjA2MS0zNTgxLmpw/ZWc.jpeg"
"The Chopin Ballades","Rubinstein","https://i.discogs.com/M2HNAczgmGFVIXBviIt322N_K9AdAWJ9TEHK_kOPnc4/rs:fill/g:sm/q:40/h:300/w:300/czM6Ly9kaXNjb2dz/LWltYWdlcy9SLTUw/MjM5MzAtMTM4MjQy/NjA2MS0zNTgxLmpw/ZWc.jpeg"
"Four Freshmen And 5 Trombones","The Four Freshmen","https://i.discogs.com/SuEhnV83YXLfQixg3q5heOFbjkbt4i6Li_Kp7Sf8ljc/rs:fill/g:sm/q:40/h:300/w:300/czM6Ly9kaXNjb2dz/LWltYWdlcy9SLTE4/NDk0NzgtMTI4MTU4/NTU2NS5qcGVn.jpeg"
"Music For Christmas","Eastman French Horn Choir","https://i.discogs.com/8hclDhm51aexZVrHfEoUaV0Wod-AWy884XbjNDvXFNM/rs:fill/g:sm/q:40/h:300/w:300/czM6Ly9kaXNjb2dz/LWltYWdlcy9SLTI1/MjQ1MzUtMTI4ODcx/NTI1Ni5qcGVn.jpeg"
"Music For Christmas","Eastman Trombone Choir","https://i.discogs.com/8hclDhm51aexZVrHfEoUaV0Wod-AWy884XbjNDvXFNM/rs:fill/g:sm/q:40/h:300/w:300/czM6Ly9kaXNjb2dz/LWltYWdlcy9SLTI1/MjQ1MzUtMTI4ODcx/NTI1Ni5qcGVn.jpeg"
"At Newport","Dave Brubeck","https://i.discogs.com/Xn17knX2sSR6lk4TNK9f_yBboIRg3gs1RXb2voXxXQ0/rs:fill/g:sm/q:40/h:300/w:300/czM6Ly9kaXNjb2dz/LWltYWdlcy9SLTU1/MTkyMDQtMTM5NTQ4/NjU2NC00MDE4Lmpw/ZWc.jpeg"
"At Newport","Jay","https://i.discogs.com/Xn17knX2sSR6lk4TNK9f_yBboIRg3gs1RXb2voXxXQ0/rs:fill/g:sm/q:40/h:300/w:300/czM6Ly9kaXNjb2dz/LWltYWdlcy9SLTU1/MTkyMDQtMTM5NTQ4/NjU2NC00MDE4Lmpw/ZWc.jpeg"
"At Newport","Kai","https://i.discogs.com/Xn17knX2sSR6lk4TNK9f_yBboIRg3gs1RXb2voXxXQ0/rs:fill/g:sm/q:40/h:300/w:300/czM6Ly9kaXNjb2dz/LWltYWdlcy9SLTU1/MTkyMDQtMTM5NTQ4/NjU2NC00MDE4Lmpw/ZWc.jpeg"
"Brass Construction","Brass Construction","https://i.discogs.com/U4ODIT1AIjTXn5iQRiFd_1cZWxYBp5u5jWNjgJW0V2E/rs:fill/g:sm/q:40/h:300/w:300/czM6Ly9kaXNjb2dz/LWltYWdlcy9SLTEw/NzAxMTkyLTE1MDI3/NTMxODQtMzg5Ni5q/cGVn.jpeg"
"The Blues - Hot And Cold","The Bob Brookmeyer Quartet","https://i.discogs.com/tumVj7GPx9309IAPACl1R5y3LOkzA0bwBqSwzEEzFhc/rs:fill/g:sm/q:40/h:300/w:300/czM6Ly9kaXNjb2dz/LWltYWdlcy9SLTgw/MTUzNTYtMTQ1MzUy/ODU3Mi0zMTAxLmpw/ZWc.jpeg"
"Brass Impact","The Brass Choir","https://i.discogs.com/oxgu18rcmJ31xK_roldMQeKc3lksK82CH8GMra_IITU/rs:fill/g:sm/q:40/h:300/w:300/czM6Ly9kaXNjb2dz/LWltYWdlcy9SLTIz/MTU1NjktMTI5MDMx/OTUzNy5qcGVn.jpeg"
"Brass Impact","Warren Kime","https://i.discogs.com/oxgu18rcmJ31xK_roldMQeKc3lksK82CH8GMra_IITU/rs:fill/g:sm/q:40/h:300/w:300/czM6Ly9kaXNjb2dz/LWltYWdlcy9SLTIz/MTU1NjktMTI5MDMx/OTUzNy5qcGVn.jpeg"
"Piano Sonatas Nos. 1 & 3","Anton Rubinstein","https://i.discogs.com/jC4X-mUnZRO6jmsprvM6UWbGuFqfejC_CokZgyeneog/rs:fill/g:sm/q:40/h:300/w:300/czM6Ly9kaXNjb2dz/LWltYWdlcy9SLTEz/Njc2MTkzLTE1NTg4/MDcwODktOTE1MS5q/cGVn.jpeg"
"Piano Sonatas Nos. 1 & 3","Leslie Howard","https://i.discogs.com/jC4X-mUnZRO6jmsprvM6UWbGuFqfejC_CokZgyeneog/rs:fill/g:sm/q:40/h:300/w:300/czM6Ly9kaXNjb2dz/LWltYWdlcy9SLTEz/Njc2MTkzLTE1NTg4/MDcwODktOTE1MS5q/cGVn.jpeg"
"Grieg Piano Concerto and Favorite Encores","Artur Rubinstein","https://i.discogs.com/Xew5crCYU0pc6Lsoe3gtaIG_8mX-BPteJzyDEp9XlQk/rs:fill/g:sm/q:40/h:300/w:300/czM6Ly9kaXNjb2dz/LWltYWdlcy9SLTEx/MTU4MzA2LTE1MTA5/Mzk1MTctMzM5NS5q/cGVn.jpeg"
"Grieg Piano Concerto and Favorite Encores","Alfred Wallenstein","https://i.discogs.com/Xew5crCYU0pc6Lsoe3gtaIG_8mX-BPteJzyDEp9XlQk/rs:fill/g:sm/q:40/h:300/w:300/czM6Ly9kaXNjb2dz/LWltYWdlcy9SLTEx/MTU4MzA2LTE1MTA5/Mzk1MTctMzM5NS5q/cGVn.jpeg"
"Grieg Piano Concerto and Favorite Encores","Grieg","https://i.discogs.com/Xew5crCYU0pc6Lsoe3gtaIG_8mX-BPteJzyDEp9XlQk/rs:fill/g:sm/q:40/h:300/w:300/czM6Ly9kaXNjb2dz/LWltYWdlcy9SLTEx/MTU4MzA2LTE1MTA5/Mzk1MTctMzM5NS5q/cGVn.jpeg"
"Grieg Piano Concerto and Favorite Encores","Falla","https://i.discogs.com/Xew5crCYU0pc6Lsoe3gtaIG_8mX-BPteJzyDEp9XlQk/rs:fill/g:sm/q:40/h:300/w:300/czM6Ly9kaXNjb2dz/LWltYWdlcy9SLTEx/MTU4MzA2LTE1MTA5/Mzk1MTctMzM5NS5q/cGVn.jpeg"
"Grieg Piano Concerto and Favorite Encores","Liszt","https://i.discogs.com/Xew5crCYU0pc6Lsoe3gtaIG_8mX-BPteJzyDEp9XlQk/rs:fill/g:sm/q:40/h:300/w:300/czM6Ly9kaXNjb2dz/LWltYWdlcy9SLTEx/MTU4MzA2LTE1MTA5/Mzk1MTctMzM5NS5q/cGVn.jpeg"
"Grieg Piano Concerto and Favorite Encores","Schumann","https://i.discogs.com/Xew5crCYU0pc6Lsoe3gtaIG_8mX-BPteJzyDEp9XlQk/rs:fill/g:sm/q:40/h:300/w:300/czM6Ly9kaXNjb2dz/LWltYWdlcy9SLTEx/MTU4MzA2LTE1MTA5/Mzk1MTctMzM5NS5q/cGVn.jpeg"
"Grieg Piano Concerto and Favorite Encores","Prokofieff","https://i.discogs.com/Xew5crCYU0pc6Lsoe3gtaIG_8mX-BPteJzyDEp9XlQk/rs:fill/g:sm/q:40/h:300/w:300/czM6Ly9kaXNjb2dz/LWltYWdlcy9SLTEx/MTU4MzA2LTE1MTA5/Mzk1MTctMzM5NS5q/cGVn.jpeg"
"Grieg Piano Concerto and Favorite Encores","Villa-Lobos","https://i.discogs.com/Xew5crCYU0pc6Lsoe3gtaIG_8mX-BPteJzyDEp9XlQk/rs:fill/g:sm/q:40/h:300/w:300/czM6Ly9kaXNjb2dz/LWltYWdlcy9SLTEx/MTU4MzA2LTE1MTA5/Mzk1MTctMzM5NS5q/cGVn.jpeg"
"Rachmaninoff Concerto No. 2 - Liszt Concerto No. 1","Rubinstein","https://i.discogs.com/zkKT5qI-NvDgzZ7aH-Ft_TYGG8CFBd5z1tx2BueXOs8/rs:fill/g:sm/q:40/h:300/w:300/czM6Ly9kaXNjb2dz/LWltYWdlcy9SLTQw/NDIzMjAtMTM1MzQw/NDUzOC03Mzc5Lmpw/ZWc.jpeg"
"Rachmaninoff Concerto No. 2 - Liszt Concerto No. 1","Rachmaninoff","https://i.discogs.com/zkKT5qI-NvDgzZ7aH-Ft_TYGG8CFBd5z1tx2BueXOs8/rs:fill/g:sm/q:40/h:300/w:300/czM6Ly9kaXNjb2dz/LWltYWdlcy9SLTQw/NDIzMjAtMTM1MzQw/NDUzOC03Mzc5Lmpw/ZWc.jpeg"
"Rachmaninoff Concerto No. 2 - Liszt Concerto No. 1","Reiner","https://i.discogs.com/zkKT5qI-NvDgzZ7aH-Ft_TYGG8CFBd5z1tx2BueXOs8/rs:fill/g:sm/q:40/h:300/w:300/czM6Ly9kaXNjb2dz/LWltYWdlcy9SLTQw/NDIzMjAtMTM1MzQw/NDUzOC03Mzc5Lmpw/ZWc.jpeg"
"Rachmaninoff Concerto No. 2 - Liszt Concerto No. 1","Chicago Symphony","https://i.discogs.com/zkKT5qI-NvDgzZ7aH-Ft_TYGG8CFBd5z1tx2BueXOs8/rs:fill/g:sm/q:40/h:300/w:300/czM6Ly9kaXNjb2dz/LWltYWdlcy9SLTQw/NDIzMjAtMTM1MzQw/NDUzOC03Mzc5Lmpw/ZWc.jpeg"
"Rachmaninoff Concerto No. 2 - Liszt Concerto No. 1","Liszt","https://i.discogs.com/zkKT5qI-NvDgzZ7aH-Ft_TYGG8CFBd5z1tx2BueXOs8/rs:fill/g:sm/q:40/h:300/w:300/czM6Ly9kaXNjb2dz/LWltYWdlcy9SLTQw/NDIzMjAtMTM1MzQw/NDUzOC03Mzc5Lmpw/ZWc.jpeg"
"Rachmaninoff Concerto No. 2 - Liszt Concerto No. 1","Wallenstein","https://i.discogs.com/zkKT5qI-NvDgzZ7aH-Ft_TYGG8CFBd5z1tx2BueXOs8/rs:fill/g:sm/q:40/h:300/w:300/czM6Ly9kaXNjb2dz/LWltYWdlcy9SLTQw/NDIzMjAtMTM1MzQw/NDUzOC03Mzc5Lmpw/ZWc.jpeg"
"Rachmaninoff Concerto No. 2 - Liszt Concerto No. 1","RCA Symphony","https://i.discogs.com/zkKT5qI-NvDgzZ7aH-Ft_TYGG8CFBd5z1tx2BueXOs8/rs:fill/g:sm/q:40/h:300/w:300/czM6Ly9kaXNjb2dz/LWltYWdlcy9SLTQw/NDIzMjAtMTM1MzQw/NDUzOC03Mzc5Lmpw/ZWc.jpeg"
"The Concerto","Arthur Rubinstein","https://i.discogs.com/hmf7fnNQvHBM0F_tkyxTUg3f5idtPB5b0ujSmp9pXDE/rs:fill/g:sm/q:40/h:300/w:300/czM6Ly9kaXNjb2dz/LWltYWdlcy9SLTgw/MDk1MDctMTQ1MzQw/NTY4MS03NTk5Lmpw/ZWc.jpeg"
"The Concerto","Reiner","https://i.discogs.com/hmf7fnNQvHBM0F_tkyxTUg3f5idtPB5b0ujSmp9pXDE/rs:fill/g:sm/q:40/h:300/w:300/czM6Ly9kaXNjb2dz/LWltYWdlcy9SLTgw/MDk1MDctMTQ1MzQw/NTY4MS03NTk5Lmpw/ZWc.jpeg"
"The Concerto","Chicago Symphony","https://i.discogs.com/hmf7fnNQvHBM0F_tkyxTUg3f5idtPB5b0ujSmp9pXDE/rs:fill/g:sm/q:40/h:300/w:300/czM6Ly9kaXNjb2dz/LWltYWdlcy9SLTgw/MDk1MDctMTQ1MzQw/NTY4MS03NTk5Lmpw/ZWc.jpeg"
"The Concerto","Wallenstein","https://i.discogs.com/hmf7fnNQvHBM0F_tkyxTUg3f5idtPB5b0ujSmp9pXDE/rs:fill/g:sm/q:40/h:300/w:300/czM6Ly9kaXNjb2dz/LWltYWdlcy9SLTgw/MDk1MDctMTQ1MzQw/NTY4MS03NTk5Lmpw/ZWc.jpeg"
"The Concerto","RCA Victor Symphony","https://i.discogs.com/hmf7fnNQvHBM0F_tkyxTUg3f5idtPB5b0ujSmp9pXDE/rs:fill/g:sm/q:40/h:300/w:300/czM6Ly9kaXNjb2dz/LWltYWdlcy9SLTgw/MDk1MDctMTQ1MzQw/NTY4MS03NTk5Lmpw/ZWc.jpeg"
"The Concerto","Grieg","https://i.discogs.com/hmf7fnNQvHBM0F_tkyxTUg3f5idtPB5b0ujSmp9pXDE/rs:fill/g:sm/q:40/h:300/w:300/czM6Ly9kaXNjb2dz/LWltYWdlcy9SLTgw/MDk1MDctMTQ1MzQw/NTY4MS03NTk5Lmpw/ZWc.jpeg"
"The Concerto","Liszt","https://i.discogs.com/hmf7fnNQvHBM0F_tkyxTUg3f5idtPB5b0ujSmp9pXDE/rs:fill/g:sm/q:40/h:300/w:300/czM6Ly9kaXNjb2dz/LWltYWdlcy9SLTgw/MDk1MDctMTQ1MzQw/NTY4MS03NTk5Lmpw/ZWc.jpeg"
"The Concerto","Rachmaninoff","https://i.discogs.com/hmf7fnNQvHBM0F_tkyxTUg3f5idtPB5b0ujSmp9pXDE/rs:fill/g:sm/q:40/h:300/w:300/czM6Ly9kaXNjb2dz/LWltYWdlcy9SLTgw/MDk1MDctMTQ1MzQw/NTY4MS03NTk5Lmpw/ZWc.jpeg"
"The World's Favorite Chopin","Artur Rubinstein","https://i.discogs.com/XpCyu8S6h03ArgmJ1kzid4MdLxCps9qZfml1lMNJQI4/rs:fill/g:sm/q:40/h:300/w:300/czM6Ly9kaXNjb2dz/LWltYWdlcy9SLTM5/ODM2NDQtMTYxMDQ4/MzE4My00OTAyLmpw/ZWc.jpeg"
"The Bessie Smith Story - Volume 4","Bessie Smith","https://i.discogs.com/SC04lwNpNwFmRyxd7OmqO4SwYCAWMyApnshjSySWRj0/rs:fill/g:sm/q:40/h:300/w:300/czM6Ly9kaXNjb2dz/LWltYWdlcy9SLTYx/MDEyODAtMTQzMTI5/MDczMi0zMDE2Lmpw/ZWc.jpeg"
"Oh, Good Grief!","Vince Guaraldi","https://i.discogs.com/fo9KV6l8dI7CX_40gtS6mvM3D3eUI7MbV4_YIZR3o0g/rs:fill/g:sm/q:40/h:300/w:300/czM6Ly9kaXNjb2dz/LWltYWdlcy9SLTgw/MzI0Ny0xMTYwMzUz/OTcyLmpwZWc.jpeg"
"Byrdland","Charlie Byrd","https://i.discogs.com/KiLj-iD0WMgtds710kOIrcakfDe9ll2DN5LF6X8pngo/rs:fill/g:sm/q:40/h:300/w:300/czM6Ly9kaXNjb2dz/LWltYWdlcy9SLTIx/MjcwNDYtMTQ0ODUx/NzMyMi0xMjQ4Lmpw/ZWc.jpeg"
"Nina Simone And Piano!","Nina Simone","https://i.discogs.com/IRdxmIEoUXx5UYke6Lmy-w8kgrks5KEfEv-CMJeaKZI/rs:fill/g:sm/q:40/h:300/w:300/czM6Ly9kaXNjb2dz/LWltYWdlcy9SLTEy/MDk3NTcyLTE1Mjgy/MzM5MzYtNzI1Mi5q/cGVn.jpeg"
"The Dizzy Gillespie Big 7 At The Montreux Jazz Festival 1975","Dizzy Gillespie","https://i.discogs.com/4tlZ1z4mhaP4LH5Sa_F9vrj3KmDQx-bdw40QPubAlaE/rs:fill/g:sm/q:40/h:300/w:300/czM6Ly9kaXNjb2dz/LWltYWdlcy9SLTQw/MjYxNjktMTM1Mjc3/NzU0My0yODcwLmpw/ZWc.jpeg"
"Shout","Devo","https://i.discogs.com/wZSNCABbT7lH98ZCwgbSiH5pWMFCBJ6kKJLwuwMA2S8/rs:fill/g:sm/q:40/h:300/w:300/czM6Ly9kaXNjb2dz/LWltYWdlcy9SLTQ5/NDQ2LTE1NTQ2Njgz/ODMtNjA2MS5qcGVn.jpeg"
"Wings Over America","Wings (2)","https://i.discogs.com/JRNsuVLN5anixkKPug2TBmUCnpTd2yy_tUdwlj3aeK0/rs:fill/g:sm/q:40/h:300/w:300/czM6Ly9kaXNjb2dz/LWltYWdlcy9SLTg2/ODM3Mi0xMjg0Njc3/NDQwLmpwZWc.jpeg"
"A Streetcar Named Desire","Alex North","https://i.discogs.com/PcA8h23pzfne0O0tB_MxKI31M3sleDTtTcvvnVfFNUk/rs:fill/g:sm/q:40/h:300/w:300/czM6Ly9kaXNjb2dz/LWltYWdlcy9SLTcz/ODEwMDItMTQ1ODY2/NDI5MC05ODgxLmpw/ZWc.jpeg"
"A Streetcar Named Desire","Ray Heindorf","https://i.discogs.com/PcA8h23pzfne0O0tB_MxKI31M3sleDTtTcvvnVfFNUk/rs:fill/g:sm/q:40/h:300/w:300/czM6Ly9kaXNjb2dz/LWltYWdlcy9SLTcz/ODEwMDItMTQ1ODY2/NDI5MC05ODgxLmpw/ZWc.jpeg"
"Takin' It To The Streets","The Doobie Brothers","https://i.discogs.com/xszM4DoSBQLssPo-JDQvpZkQazO_rX0zs8XzUEEsr0w/rs:fill/g:sm/q:40/h:300/w:300/czM6Ly9kaXNjb2dz/LWltYWdlcy9SLTEz/MjgxNDEtMTYxNTM0/MDcxMS04MjQwLmpw/ZWc.jpeg"
"Bookends","Simon & Garfunkel","https://i.discogs.com/PO23vjCIoNZisAkJcLPB52rl_TW_aAfJ00D2yTx_gWY/rs:fill/g:sm/q:40/h:300/w:300/czM6Ly9kaXNjb2dz/LWltYWdlcy9SLTEz/MjQ1MzA1LTE1NTkx/NDk1MjEtNTMxMC5q/cGVn.jpeg"
"30","Adele (3)","https://i.discogs.com/V2T_Bj75ldzloGMRteOMOIPH3Umlks92iuXvQL06yqk/rs:fill/g:sm/q:40/h:300/w:300/czM6Ly9kaXNjb2dz/LWltYWdlcy9SLTIx/MDQ3MTYxLTE2NDUw/NjQzMjYtMTczMy5q/cGVn.jpeg"
"The Kids Are Alright","The Who","https://i.discogs.com/Lonl645wyFCKv7HifMJlxVdoBf07wfGJUuw97JYM3w8/rs:fill/g:sm/q:40/h:300/w:300/czM6Ly9kaXNjb2dz/LWltYWdlcy9SLTE4/MDE1NjQtMTI2NzA5/NjAzMC5qcGVn.jpeg"
"Rock N Roll Animal","Lou Reed","https://i.discogs.com/51ue5QwFJpgUaO_5T6rpeGvmKUtx1mMdyWc0xmZDAhA/rs:fill/g:sm/q:40/h:300/w:300/czM6Ly9kaXNjb2dz/LWltYWdlcy9SLTEx/ODcwMTItMTYzNTYx/MTI4OC00OTYzLmpw/ZWc.jpeg"
"Physical Graffiti","Led Zeppelin","https://i.discogs.com/k05NUYbPoA4c0vg-k4s8tXhTpKfn-W2fYyxK2li01dA/rs:fill/g:sm/q:40/h:300/w:300/czM6Ly9kaXNjb2dz/LWltYWdlcy9SLTQ4/MjMzMTQtMTQ1OTk2/NDMxOC0xNDA2Lmpw/ZWc.jpeg"
"Cheap Trick","Cheap Trick","https://i.discogs.com/hFL1ZDXFwvxd_BRFXFxDmJntx6kanRf7WpbQGFpkM9U/rs:fill/g:sm/q:40/h:300/w:300/czM6Ly9kaXNjb2dz/LWltYWdlcy9SLTY4/MzE4MC0xMzMxMDgw/NzIzLmpwZWc.jpeg"
"The Bessie Smith Story - Volume 2","Bessie Smith","https://i.discogs.com/KoqEt3yuaqHm2dfK7QL37PBmWIsQkkYMJx_BnueLEck/rs:fill/g:sm/q:40/h:300/w:300/czM6Ly9kaXNjb2dz/LWltYWdlcy9SLTEy/OTQxODA0LTE1NDQ5/ODk0NDQtMzIzMi5q/cGVn.jpeg"
"Brass Construction II","Brass Construction","https://i.discogs.com/tzwPrDJhNnzw_JuLXHHxB2pxFtwbkJsMiEROj1WyhXE/rs:fill/g:sm/q:40/h:300/w:300/czM6Ly9kaXNjb2dz/LWltYWdlcy9SLTc5/OTc5OS0xMzA2NDIz/MTI1LmpwZWc.jpeg"
"The Bessie Smith Story - Volume 1","Bessie Smith","https://i.discogs.com/QZIvYHp4ojhJ23lVHH-ciG_ip60u6WCjfIzzIiHly70/rs:fill/g:sm/q:40/h:300/w:300/czM6Ly9kaXNjb2dz/LWltYWdlcy9SLTEz/MTM2NDAyLTE1NDg2/OTUzNTAtNDMzMy5q/cGVn.jpeg"
"The Bessie Smith Story - Volume 1","Louis Armstrong","https://i.discogs.com/QZIvYHp4ojhJ23lVHH-ciG_ip60u6WCjfIzzIiHly70/rs:fill/g:sm/q:40/h:300/w:300/czM6Ly9kaXNjb2dz/LWltYWdlcy9SLTEz/MTM2NDAyLTE1NDg2/OTUzNTAtNDMzMy5q/cGVn.jpeg"
"The Bessie Smith Story - Volume 3","Bessie Smith","https://i.discogs.com/1HrjZRtxGRiLeAObUzgt_mV3EYDuIzfKKOFT9ElCqyQ/rs:fill/g:sm/q:40/h:300/w:300/czM6Ly9kaXNjb2dz/LWltYWdlcy9SLTg1/MDg2NDMtMTQ5OTgz/NjQyOC04NTI1Lmpw/ZWc.jpeg"
"The World's Greatest Blues Singer","Bessie Smith","https://i.discogs.com/Z1iCb_jIgf2foS5AkJ5ZEnJHe-iUMUn0twhN7aRBWqg/rs:fill/g:sm/q:40/h:300/w:300/czM6Ly9kaXNjb2dz/LWltYWdlcy9SLTIy/NDcwMzItMTQyMTMw/NzUwMi00MTE5Lmpw/ZWc.jpeg"
"Behold The Mighty Army","New Birth","https://i.discogs.com/a88hqrQT5U4JkjIj6BIlrf7Fps0LQ3OS_ROv2zrp3yM/rs:fill/g:sm/q:40/h:300/w:300/czM6Ly9kaXNjb2dz/LWltYWdlcy9SLTQz/MzYyMC0xMjQzMzQ3/NzU2LmpwZWc.jpeg"
"Behold The Mighty Army","Leslie Wilson","https://i.discogs.com/a88hqrQT5U4JkjIj6BIlrf7Fps0LQ3OS_ROv2zrp3yM/rs:fill/g:sm/q:40/h:300/w:300/czM6Ly9kaXNjb2dz/LWltYWdlcy9SLTQz/MzYyMC0xMjQzMzQ3/NzU2LmpwZWc.jpeg"
"Why Do Fools Fall In Love","Diana Ross","https://i.discogs.com/PaLbsm2jyreUdqC5JH5FnYxSk_vfPN3kCCl86ohfXqQ/rs:fill/g:sm/q:40/h:300/w:300/czM6Ly9kaXNjb2dz/LWltYWdlcy9SLTQ1/NzE2My0xNTUzMjc4/MjkyLTM0NjMuanBl/Zw.jpeg"
"Have Trumpet, Will Excite!","Dizzy Gillespie","https://i.discogs.com/5KuYJ0N9MmsOt0U3NWQMRKxcNBm08fdGnO7l-tfm7ls/rs:fill/g:sm/q:40/h:300/w:300/czM6Ly9kaXNjb2dz/LWltYWdlcy9SLTcy/MDIzNzQtMTQ4NzYy/NzYxMy05MDI5Lmpw/ZWc.jpeg"
"Dizzy In Paris","Dizzy Gillespie","https://i.discogs.com/grukxQluSXiv5iKnMsBp9y5oxTesAYjBfWpl3yMVn1Q/rs:fill/g:sm/q:40/h:300/w:300/czM6Ly9kaXNjb2dz/LWltYWdlcy9SLTQ2/OTIyNTgtMTM3MzE5/MjA0Ny04Njk0Lmpw/ZWc.jpeg"
"West Side Story","Oscar Peterson Trio","https://i.discogs.com/h-nwgnHFDVD9CbDau3iw15vK0GUI01E9rRmG8bLOGM4/rs:fill/g:sm/q:40/h:300/w:300/czM6Ly9kaXNjb2dz/LWltYWdlcy9SLTM3/Nzc2NS0xNjA2NDk4/NDg4LTgzMTQuanBl/Zw.jpeg"
"We Insist! Max Roach's Freedom Now Suite","Max Roach","https://i.discogs.com/CNpCQ7HovobZ3rPpyBZ7PmHAhyjUOAxQ101-lstYrD4/rs:fill/g:sm/q:40/h:300/w:300/czM6Ly9kaXNjb2dz/LWltYWdlcy9SLTIy/MDA4NDYtMTQxNTYz/NjkyOS0zMzg4Lmpw/ZWc.jpeg"
"Mercy, Mercy, Mercy! - Live At ""The Club""","The Cannonball Adderley Quintet","https://i.discogs.com/Ikl4TEbVpSTwbNz6niMuLRKc_YvTIbT5mVSDUFLyUhI/rs:fill/g:sm/q:40/h:300/w:300/czM6Ly9kaXNjb2dz/LWltYWdlcy9SLTE1/MjM2MTktMTU5Mzg0/NDQ0Mi04Mjk4Lmpw/ZWc.jpeg"
"Peace","Chet Baker","https://i.discogs.com/-SXcC0ec9LHqS8gsquxM0BJQnNXRluLL8cxT6IKg9Rg/rs:fill/g:sm/q:40/h:300/w:300/czM6Ly9kaXNjb2dz/LWltYWdlcy9SLTE2/NDU2NzgtMTI0NDMw/NjkxMy5qcGVn.jpeg"
"Peace","David Friedman","https://i.discogs.com/-SXcC0ec9LHqS8gsquxM0BJQnNXRluLL8cxT6IKg9Rg/rs:fill/g:sm/q:40/h:300/w:300/czM6Ly9kaXNjb2dz/LWltYWdlcy9SLTE2/NDU2NzgtMTI0NDMw/NjkxMy5qcGVn.jpeg"
"Peace","Buster Williams","https://i.discogs.com/-SXcC0ec9LHqS8gsquxM0BJQnNXRluLL8cxT6IKg9Rg/rs:fill/g:sm/q:40/h:300/w:300/czM6Ly9kaXNjb2dz/LWltYWdlcy9SLTE2/NDU2NzgtMTI0NDMw/NjkxMy5qcGVn.jpeg"
"Peace","Joe Chambers","https://i.discogs.com/-SXcC0ec9LHqS8gsquxM0BJQnNXRluLL8cxT6IKg9Rg/rs:fill/g:sm/q:40/h:300/w:300/czM6Ly9kaXNjb2dz/LWltYWdlcy9SLTE2/NDU2NzgtMTI0NDMw/NjkxMy5qcGVn.jpeg"
"West Side Story (The Original Sound Track Recording)","Leonard Bernstein","https://i.discogs.com/2KcojA5MhCq2SErC7SUDSqM7rE0Vb7wee94hV3KfmTg/rs:fill/g:sm/q:40/h:300/w:300/czM6Ly9kaXNjb2dz/LWltYWdlcy9SLTYy/NzczMTctMTQxNTQw/Nzk2NS04Nzg0Lmpw/ZWc.jpeg"
"Out Of The Blue","Electric Light Orchestra","https://i.discogs.com/kEOLjutT5NnWrScgbVOiEa1SCINeNQ_h8oStDEv95PI/rs:fill/g:sm/q:40/h:300/w:300/czM6Ly9kaXNjb2dz/LWltYWdlcy9SLTE1/NDEwOTMtMTM3Nzg4/NTU2OC01NjM1Lmpw/ZWc.jpeg"
"Armed Forces","Elvis Costello And The Attractions","https://i.discogs.com/2fsKW13xJ3ir2vHWBmfHuUF0PpiNXzkS3ny8GsTjE8k/rs:fill/g:sm/q:40/h:300/w:300/czM6Ly9kaXNjb2dz/LWltYWdlcy9SLTEx/MDEwNzctMTE5MjA2/OTk0NS5qcGVn.jpeg"
"Soulful","Dionne Warwick","https://i.discogs.com/wSUQR2-nSgvh-FlXzl-WY1s6M0d7LIXZDjNCGndOPqs/rs:fill/g:sm/q:40/h:300/w:300/czM6Ly9kaXNjb2dz/LWltYWdlcy9SLTYy/MjQ5Ni0xMzkxMzU1/NDMxLTIyMjUuanBl/Zw.jpeg"
"Jazz At The Plaza Vol. II","Duke Ellington & His Orchestra","https://i.discogs.com/9pD6OWRHvRGkhtCzJkZe_AVwi5MKiT8qOScOxNJWMhU/rs:fill/g:sm/q:40/h:300/w:300/czM6Ly9kaXNjb2dz/LWltYWdlcy9SLTE5/MDUwNzYtMTI4Mjkx/NDI0Ni5qcGVn.jpeg"
"Double Fantasy","John Lennon & Yoko Ono","https://i.discogs.com/oGm_X-p5ccXHh37ceWZOikQ4FP86f0S994IJQGyypzg/rs:fill/g:sm/q:40/h:300/w:300/czM6Ly9kaXNjb2dz/LWltYWdlcy9SLTky/NDU2NjktMTQ4NDE4/MjgyNy0xODc2Lmpw/ZWc.jpeg"
"Wheels Of Fire","Cream (2)","https://i.discogs.com/aBbEw5V80NYsG4duSJjUcoc6Zz-bYYUVuEFVawmmH5o/rs:fill/g:sm/q:40/h:300/w:300/czM6Ly9kaXNjb2dz/LWltYWdlcy9SLTQ3/NTM3MzktMTM4MzQ0/Mjg0NS04MTc5Lmpw/ZWc.jpeg"
"World Statesman","Dizzy Gillespie","https://i.discogs.com/gMj1Jd0X3UWvOo6Kf61S-t67D1HqQTQzfRVsQLDsxYs/rs:fill/g:sm/q:40/h:300/w:300/czM6Ly9kaXNjb2dz/LWltYWdlcy9SLTE0/MzY5NDItMTUwOTU5/NDE4Mi0yOTMzLmpw/ZWc.jpeg"
"Fine Line","Harry Styles","https://i.discogs.com/soSi2MPa2CFH_5kDHrE_xOm1UUvd-owUdVBqwOzUf8s/rs:fill/g:sm/q:40/h:300/w:300/czM6Ly9kaXNjb2dz/LWltYWdlcy9SLTE0/NTEwOTc4LTE2MTU0/OTczNTAtMjgyMy5q/cGVn.jpeg"
"Benefit","Jethro Tull","https://i.discogs.com/qvmTZ2RaB2samH7L4lEWqF72xCiFQ6A4XW7mZ5T9tCA/rs:fill/g:sm/q:40/h:300/w:300/czM6Ly9kaXNjb2dz/LWltYWdlcy9SLTE0/Mjk0NDAtMTU4NDIx/NTA1My0xNzk3Lmpw/ZWc.jpeg"
"Electric Warrior","T. Rex","https://i.discogs.com/uXCMP_a0v3tht_OR-fPj82C52-xXjuLp8qQAfRuX9qM/rs:fill/g:sm/q:40/h:300/w:300/czM6Ly9kaXNjb2dz/LWltYWdlcy9SLTk2/NzU4NTItMTUyNTAx/MjA4Ny03NjU0Lmpw/ZWc.jpeg"
"Zinc Alloy And The Hidden Riders Of Tomorrow","T. Rex","https://i.discogs.com/BoKmny-H4l_AH_2QfTReOBsVKEW9JwDGvDyzsZGIfsE/rs:fill/g:sm/q:40/h:300/w:300/czM6Ly9kaXNjb2dz/LWltYWdlcy9SLTMy/ODM1MzUtMTMyMzg3/NzI1MC5qcGVn.jpeg"
"Without Fear","Dermot Kennedy","https://i.discogs.com/trwCrS_v_F5ratfHkEW814HZreq-_gdfH0lL4hDgnJ0/rs:fill/g:sm/q:40/h:300/w:300/czM6Ly9kaXNjb2dz/LWltYWdlcy9SLTE2/NjM4OTE4LTE2MDkw/MDE5OTQtNDc1MS5q/cGVn.jpeg"
"Brain Salad Surgery","Emerson, Lake & Palmer","https://i.discogs.com/qX0RU2MYXX0BbImP3MPtg4-AVz2Wa2MByov0LUvXibI/rs:fill/g:sm/q:40/h:300/w:300/czM6Ly9kaXNjb2dz/LWltYWdlcy9SLTE3/NDM5NzQtMTMwNzIw/MDEyOS5qcGVn.jpeg"
"Sticky Fingers","The Rolling Stones","https://i.discogs.com/6XnsZ9dKfrzXTEV9d4q4F_6QqWuH7zTcUp_wH2JeHpk/rs:fill/g:sm/q:40/h:300/w:300/czM6Ly9kaXNjb2dz/LWltYWdlcy9SLTU1/ODMyOTktMTQ2MzIy/OTg4Mi0zOTQ5Lmpw/ZWc.jpeg"
"Tommy","The Who","https://i.discogs.com/IxnfxBATsPvydmnTqkD3diP3285Ve9FmcANjWXpZJZ4/rs:fill/g:sm/q:40/h:300/w:300/czM6Ly9kaXNjb2dz/LWltYWdlcy9SLTQ4/ODA0ODQtMTM3ODM1/MjMzNS00NDc1Lmpw/ZWc.jpeg"
"She's So Unusual","Cyndi Lauper","https://i.discogs.com/Io18QjpQNtiVgjFMQx9EUigz9ZX5xzBkB0z25pXl8n0/rs:fill/g:sm/q:40/h:300/w:300/czM6Ly9kaXNjb2dz/LWltYWdlcy9SLTE2/MDY1NTAtMTI3NDY3/OTcyMi5qcGVn.jpeg"
"Captain Fantastic And The Brown Dirt Cowboy","Elton John","https://i.discogs.com/iXM8Tn0di32qHkDx_gn0RnqJdUdKZ4iwhryT9EgvIbs/rs:fill/g:sm/q:40/h:300/w:300/czM6Ly9kaXNjb2dz/LWltYWdlcy9SLTM5/NDQ1MC0xMzI3NjQ5/NjEwLmpwZWc.jpeg"
"Madman Across The Water","Elton John","https://i.discogs.com/ZElKLlEuLzt58lZBv5tNBzvorUl6YbuHRM5Bp5-qsxI/rs:fill/g:sm/q:40/h:300/w:300/czM6Ly9kaXNjb2dz/LWltYWdlcy9SLTQ1/MTY5MDktMTM2NzEy/NzM4OC0xNTQ1Lmpw/ZWc.jpeg"
"Hotel California","Eagles","https://i.discogs.com/YbqXu8aEJ4ZhTEBX_TZNGzmvRqXjzI4rWGOS3kTBziM/rs:fill/g:sm/q:40/h:300/w:300/czM6Ly9kaXNjb2dz/LWltYWdlcy9SLTE1/NDM1NTMtMTIzNzgy/NzIzNi5qcGVn.jpeg"
"Hotspot","Pet Shop Boys","https://i.discogs.com/JmcmNXgGtUGOPb1ufdU28vQTsB__aDL_LAm2xcZ05A8/rs:fill/g:sm/q:40/h:300/w:300/czM6Ly9kaXNjb2dz/LWltYWdlcy9SLTE0/NjkyMjkyLTE1Nzk4/NDE3NjUtODMzNC5q/cGVn.jpeg"
"Rumours","Fleetwood Mac","https://i.discogs.com/gnavfowi8jHtOUbuPEtKu6wgSk69-nblFOs9QxNIK4g/rs:fill/g:sm/q:40/h:300/w:300/czM6Ly9kaXNjb2dz/LWltYWdlcy9SLTEz/MTk5NDg2LTE2MjEw/MjgzNTItODQzMS5q/cGVn.jpeg"
"Quarterflash","Quarterflash","https://i.discogs.com/GrdaBMHTv1l4rbo9yj5h6pRBhOxWEnN8pEMonEEbcL0/rs:fill/g:sm/q:40/h:300/w:300/czM6Ly9kaXNjb2dz/LWltYWdlcy9SLTc2/ODQ1ODQtMTQ0NjY3/NjQ5OS0zNTc4Lmpw/ZWc.jpeg"
"Naturally","Three Dog Night","https://i.discogs.com/5_yOVZHICvKTBHLVBRHYhBZA9TikOV1cQp0z8VAgAbA/rs:fill/g:sm/q:40/h:300/w:300/czM6Ly9kaXNjb2dz/LWltYWdlcy9SLTE0/OTkyOTgtMTQxNjk5/NjUzOC05MjMzLmpw/ZWc.jpeg"
"Dancing In The Street","David Bowie","https://i.discogs.com/dS22jFdqq-yoCNMXn9YWX1d5eITHtLiryYsrKCAWnwg/rs:fill/g:sm/q:40/h:300/w:300/czM6Ly9kaXNjb2dz/LWltYWdlcy9SLTU2/MDM0Ni0xMzgxNDI3/MjA3LTMyMzEuanBl/Zw.jpeg"
"Dancing In The Street","Mick Jagger","https://i.discogs.com/dS22jFdqq-yoCNMXn9YWX1d5eITHtLiryYsrKCAWnwg/rs:fill/g:sm/q:40/h:300/w:300/czM6Ly9kaXNjb2dz/LWltYWdlcy9SLTU2/MDM0Ni0xMzgxNDI3/MjA3LTMyMzEuanBl/Zw.jpeg"
"True Confessions","Bananarama","https://i.discogs.com/QH91Q44oJXLHoTuE_9ed5EmpxCjrsHPAlQGwTUTpNBM/rs:fill/g:sm/q:40/h:300/w:300/czM6Ly9kaXNjb2dz/LWltYWdlcy9SLTQz/ODEzNC0xMzI2OTUw/NzY0LmpwZWc.jpeg"
"Another Step","Kim Wilde","https://i.discogs.com/p2b1kdL9WiyKomVGX22laAXpNOpMP0lLr5vJc3Dz8WU/rs:fill/g:sm/q:40/h:300/w:300/czM6Ly9kaXNjb2dz/LWltYWdlcy9SLTUw/NjIyOS0xMjkyODA2/MjU5LmpwZWc.jpeg"
"Greatest","Bee Gees","https://i.discogs.com/dmm-HCFbKcf5V4HuUFSo6VBokPc7a21gNDdyCJTJQWY/rs:fill/g:sm/q:40/h:300/w:300/czM6Ly9kaXNjb2dz/LWltYWdlcy9SLTE3/MDc5MzAtMTI3MTg5/OTg4MC5qcGVn.jpeg"
"I Love Rock 'N Roll","Joan Jett & The Blackhearts","https://i.discogs.com/VLK6XhEiiigHrRO5A10qcUi89OhhAIm2FFMbkUtg_JQ/rs:fill/g:sm/q:40/h:300/w:300/czM6Ly9kaXNjb2dz/LWltYWdlcy9SLTM5/MjU4Ni0xMzU3MTc0/MDY2LTQ2MzEuanBl/Zw.jpeg"
"Born To Run","Bruce Springsteen","https://i.discogs.com/vK851TI8LjC8fYBHcBNc5JpE2r73G-uLgiM2cOAJiIY/rs:fill/g:sm/q:40/h:300/w:300/czM6Ly9kaXNjb2dz/LWltYWdlcy9SLTU2/MDE5MTYtMTM5Nzcx/MDYzNi0xMTEyLmpw/ZWc.jpeg"
"1999","Prince","https://i.discogs.com/jcnqGzDjtu6uLjNpBzDRHEfYlUVW3zOFS6Y6aWjEQDI/rs:fill/g:sm/q:40/h:300/w:300/czM6Ly9kaXNjb2dz/LWltYWdlcy9SLTEy/NTg4MS0xMzYzNDY3/NTQyLTc0NTkuanBl/Zw.jpeg"
"Elvis","Elvis Presley","https://i.discogs.com/YmIGYrFw8_zyKEPQb12TtyjnKgN26Laww8SwF-LCHzE/rs:fill/g:sm/q:40/h:300/w:300/czM6Ly9kaXNjb2dz/LWltYWdlcy9SLTEx/NTQyOTgtMTI2MjI4/NjU4Mi5qcGVn.jpeg"
"The Clash","The Clash","https://i.discogs.com/ihweSpGgX7dHDJtAxQmgNuunEDt22UkaIt41FckwR-0/rs:fill/g:sm/q:40/h:300/w:300/czM6Ly9kaXNjb2dz/LWltYWdlcy9SLTQz/MDQ3NTktMTM2MTIz/Mjc1OC03NDUxLmpw/ZWc.jpeg"
"Come Together","Ike & Tina Turner","https://i.discogs.com/WG1f4wZ5VnogMOyA_80c991X33PTxZ4O09HF0oE8tpw/rs:fill/g:sm/q:40/h:300/w:300/czM6Ly9kaXNjb2dz/LWltYWdlcy9SLTEz/NDgxODctMTQwMjg5/MjY5Mi00NzczLmpw/ZWc.jpeg"
"Come Together","The Ikettes","https://i.discogs.com/WG1f4wZ5VnogMOyA_80c991X33PTxZ4O09HF0oE8tpw/rs:fill/g:sm/q:40/h:300/w:300/czM6Ly9kaXNjb2dz/LWltYWdlcy9SLTEz/NDgxODctMTQwMjg5/MjY5Mi00NzczLmpw/ZWc.jpeg"
"Shake It Up","The Cars","https://i.discogs.com/sGeTpclGn_MMCf-o1FpXXB63FBK5efvi3eO3iDqxQkw/rs:fill/g:sm/q:40/h:300/w:300/czM6Ly9kaXNjb2dz/LWltYWdlcy9SLTc5/MTA1Mi0xMzI1NDQ4/NDY1LmpwZWc.jpeg"
"The Beatles","The Beatles","https://i.discogs.com/qx6rn0OPqXWxKPb8w5AcPrtuKAR1crGNOs4SbGW6oXE/rs:fill/g:sm/q:40/h:300/w:300/czM6Ly9kaXNjb2dz/LWltYWdlcy9SLTI2/MTE4NDYtMTQ3MDE1/NDkyOC0zNDUwLmpw/ZWc.jpeg"
"Reach Out","Four Tops","https://i.discogs.com/TSq2cIxOQzLAIvb72WnHOSLuXXe0Xi32-iZPbFBllhQ/rs:fill/g:sm/q:40/h:300/w:300/czM6Ly9kaXNjb2dz/LWltYWdlcy9SLTE1/MTUwNzA5LTE2MDUx/ODQxODUtMTcyMS5q/cGVn.jpeg"
"The Temptations With A Lot O' Soul","The Temptations","https://i.discogs.com/PfM7lj1o42lwbAXZDQJ6791dPa-sCocTsQq9P_vCG2E/rs:fill/g:sm/q:40/h:300/w:300/czM6Ly9kaXNjb2dz/LWltYWdlcy9SLTkx/ODc1MjYtMTUyMjYw/ODkyNC00NjcwLmpw/ZWc.jpeg"
"The Age Of Aquarius","The 5th Dimension","https://i.discogs.com/YSgkFk7oTBmZUJkKH6Acnsy4497XcIQDakPhTb0ne3Y/rs:fill/g:sm/q:40/h:300/w:300/czM6Ly9kaXNjb2dz/LWltYWdlcy9SLTI4/NzQ0MjYtMTMwOTg0/MTAwNS5qcGVn.jpeg"
"Cold Sweat","James Brown & The Famous Flames","https://i.discogs.com/RSFQGN3fhG_COwxMCZXGM-j4Oe5BY9umdQKPHqYUfhY/rs:fill/g:sm/q:40/h:300/w:300/czM6Ly9kaXNjb2dz/LWltYWdlcy9SLTM4/MjU1MjUtMTM0NTkw/OTk5OS00MzExLmpw/ZWc.jpeg"
"Boots","Nancy Sinatra","https://i.discogs.com/pIQzE0mk7n-SbCVje2FB0iSzAUafUR_ja6DTqQB48-0/rs:fill/g:sm/q:40/h:300/w:300/czM6Ly9kaXNjb2dz/LWltYWdlcy9SLTg2/OTMyOTgtMTQ2NzE0/ODUzOC0zNTk0Lmpw/ZWc.jpeg"
"Let's Get It On","Marvin Gaye","https://i.discogs.com/iBBLBAveocT-6Qn3YjYwZ4P5p3-cTJnsmGaSkV-DJDE/rs:fill/g:sm/q:40/h:300/w:300/czM6Ly9kaXNjb2dz/LWltYWdlcy9SLTMw/NTQzOC0xNTUwNTg0/NDY5LTg0MTkuanBl/Zw.jpeg"
"Anthology 10th Anniversary Special","The Temptations","https://i.discogs.com/9k6HlAbd72axTt6G4wN4tUoq3i1w6n3iG-Kkku51Sw4/rs:fill/g:sm/q:40/h:300/w:300/czM6Ly9kaXNjb2dz/LWltYWdlcy9SLTEz/NTc0ODI2LTE1NTcw/NTgxOTQtMzk3OS5q/cGVn.jpeg"
"Merry Christmas","Mariah Carey","https://i.discogs.com/MKGhC3UclfjQAJ5xWocdOtHzaik1o2YleERLGiK8ct8/rs:fill/g:sm/q:40/h:300/w:300/czM6Ly9kaXNjb2dz/LWltYWdlcy9SLTc2/Mjc3NDYtMTQ1NDEy/NjQ3Mi03MzY4Lmpw/ZWc.jpeg"
"Christmas With The Chipmunks Vol. 2","The Chipmunks","https://i.discogs.com/7VDigCRqbWKhUVpW5ted__3iaf41CGwRm9JrGetSeR0/rs:fill/g:sm/q:40/h:300/w:300/czM6Ly9kaXNjb2dz/LWltYWdlcy9SLTUx/MzgzMzItMTM4NTUy/NzEzNi0yODY0Lmpw/ZWc.jpeg"
"Christmas With The Chipmunks Vol. 2","Alvin, Simon & Theodore","https://i.discogs.com/7VDigCRqbWKhUVpW5ted__3iaf41CGwRm9JrGetSeR0/rs:fill/g:sm/q:40/h:300/w:300/czM6Ly9kaXNjb2dz/LWltYWdlcy9SLTUx/MzgzMzItMTM4NTUy/NzEzNi0yODY0Lmpw/ZWc.jpeg"
"Christmas With The Chipmunks Vol. 2","David Seville","https://i.discogs.com/7VDigCRqbWKhUVpW5ted__3iaf41CGwRm9JrGetSeR0/rs:fill/g:sm/q:40/h:300/w:300/czM6Ly9kaXNjb2dz/LWltYWdlcy9SLTUx/MzgzMzItMTM4NTUy/NzEzNi0yODY0Lmpw/ZWc.jpeg"
"Rubber Soul","The Beatles","https://i.discogs.com/4jBhz2QiM50k-ZSbNbX2su_gP6uhIm9EAre6EjDu4ng/rs:fill/g:sm/q:40/h:300/w:300/czM6Ly9kaXNjb2dz/LWltYWdlcy9SLTEz/MjI2MTM5LTE1NTEw/NTI2NjctMTcwNy5q/cGVn.jpeg"
"Let It Be ","The Beatles","https://i.discogs.com/LFZ8DO752S8a8sxYoKLZ9wIIl3OMZA9FOTWSQi2vyB8/rs:fill/g:sm/q:40/h:300/w:300/czM6Ly9kaXNjb2dz/LWltYWdlcy9SLTY2/MjI3OTgtMTYyMTY3/NjExMS02MTY5Lmpw/ZWc.jpeg"
"With The Beatles","The Beatles","https://i.discogs.com/TKvK0dyAK3JcGfle_uv5aRkCyVjrhFpyNdD9bHZMaJI/rs:fill/g:sm/q:40/h:300/w:300/czM6Ly9kaXNjb2dz/LWltYWdlcy9SLTE3/ODE1MTY1LTE2MTU2/MDM0NjItOTgxNC5q/cGVn.jpeg"
"Abbey Road","The Beatles","https://i.discogs.com/p-u8PEnSVCHkdYlaXBSCjZrJlcTi6WbqUklXr_lsLPw/rs:fill/g:sm/q:40/h:300/w:300/czM6Ly9kaXNjb2dz/LWltYWdlcy9SLTI2/MDc0MjQtMTYzMDYw/MTA4Ny0xMTk5Lmpw/ZWc.jpeg"
"Revolver","The Beatles","https://i.discogs.com/lSoDb78s98UY_VaVgUg-THf6td4L24ApEqLr7Sa29UQ/rs:fill/g:sm/q:40/h:300/w:300/czM6Ly9kaXNjb2dz/LWltYWdlcy9SLTIz/MTgwNDUtMTI3NjU5/Mjg2MS5qcGVn.jpeg"
"Led Zeppelin II","Led Zeppelin","https://i.discogs.com/SF9ANDk6hWiHYnpMeM_rmMkRkKMom1N5oF1lT13ouiY/rs:fill/g:sm/q:40/h:300/w:300/czM6Ly9kaXNjb2dz/LWltYWdlcy9SLTU2/NTc1NTEtMTQzMDU3/MzYyNi0xMDgyLmpw/ZWc.jpeg"
"The Band","The Band","https://i.discogs.com/I6XCupyerwNDTBbE381uFRnHUBmOg9XdcP5B7Qc9j0o/rs:fill/g:sm/q:40/h:300/w:300/czM6Ly9kaXNjb2dz/LWltYWdlcy9SLTYz/NzczODktMTQxNzcz/ODU5NC01MDIyLmpw/ZWc.jpeg"
"Bridge Over Troubled Water","Simon and Garfunkel","https://i.discogs.com/ZwpRboerDwkt9-mlWkIDeHNcixkFbtp1AwCj8LxTrLQ/rs:fill/g:sm/q:40/h:300/w:300/czM6Ly9kaXNjb2dz/LWltYWdlcy9SLTYw/NTMyOC0xNDM3NTUw/NzI4LTI0NDAuanBl/Zw.jpeg"
"Court And Spark","Joni Mitchell","https://i.discogs.com/VrTyrkG1B7xpGQ0ycxG-6l7dCuMgo-Bpdr8Xr9IdjNU/rs:fill/g:sm/q:40/h:300/w:300/czM6Ly9kaXNjb2dz/LWltYWdlcy9SLTg5/MjQxNy0xNTE5OTU1/ODc2LTg2MzEuanBl/Zw.jpeg"
"A Hard Day's Night","The Beatles","https://i.discogs.com/kQOZBPhDkjpcoj7fPasaxgZQ3o7e10W2jbo7ge_V7qc/rs:fill/g:sm/q:40/h:300/w:300/czM6Ly9kaXNjb2dz/LWltYWdlcy9SLTQ5/NTM2NDQtMTM5MTY5/NTg1Ni0xNTE0Lmpw/ZWc.jpeg"
